bet_id,user_id,date,stake,odds,bet_state,profit_loss,leg_id,leg_odd,leg_result,league_id,bet_type_id,category_id,responsible_id,home_team_id,away_team_id
e5cd74c5-a469-4a9e-807e-7ce4c605d394,fe4bd112-9575-423b-a946-687fd8167552,2025-10-01T05:00:00+00:00,3.0,2.3,lost,-3.0,d04559ba-72b2-449a-a777-480409f2a0c7,1.32,lost,f0411d6e-e2a5-4957-a473-f32947bbaeee,e8f11881-a093-4c2e-a7c1-29ac81bd6132,16f6a43a-2aec-4b31-8277-4859cb4245b4,167caeea-71f4-4f68-924a-10740e616ab3,0a818b59-975e-4e9b-bcfa-98f96cb7573d,19ebb2d8-3132-4168-aa02-8ee5bd6d824e
e5cd74c5-a469-4a9e-807e-7ce4c605d394,fe4bd112-9575-423b-a946-687fd8167552,2025-10-01T05:00:00+00:00,3.0,2.3,lost,-3.0,1f9160b3-04a2-4294-958b-e139340c45bb,1.32,lost,f0411d6e-e2a5-4957-a473-f32947bbaeee,7d0b583e-b3bc-4055-b5db-bf2987da6abe,5f666be7-3ade-4b15-afef-51c19569dd21,167caeea-71f4-4f68-924a-10740e616ab3,0a818b59-975e-4e9b-bcfa-98f96cb7573d,19ebb2d8-3132-4168-aa02-8ee5bd6d824e
e5cd74c5-a469-4a9e-807e-7ce4c605d394,fe4bd112-9575-423b-a946-687fd8167552,2025-10-01T05:00:00+00:00,3.0,2.3,lost,-3.0,f4879fce-fe79-4ec9-9212-79f91154aa8e,1.32,lost,f0411d6e-e2a5-4957-a473-f32947bbaeee,abfc0aae-3937-4416-87d1-77af8b875008,64cd63c7-b3eb-49f2-a822-c31a0385ce28,167caeea-71f4-4f68-924a-10740e616ab3,0a818b59-975e-4e9b-bcfa-98f96cb7573d,19ebb2d8-3132-4168-aa02-8ee5bd6d824e
30c0c97b-1be8-408d-a58a-4f48291fc889,fe4bd112-9575-423b-a946-687fd8167552,2025-10-02T05:00:00+00:00,5.0,2.14,won,5.64,44a283ae-718f-466d-88f8-f34c2cb2e05e,1.11,won,f0411d6e-e2a5-4957-a473-f32947bbaeee,401b65a5-aedc-414a-958c-2050cb5ce5c3,c77d94a1-a456-45e3-953d-e8300a5ec514,e89c9215-9e8c-4628-b057-3383e2543638,a8f3aeb2-7431-45aa-8c9d-c68a54851114,862d869b-5d24-4b01-9033-14967e0f4181
30c0c97b-1be8-408d-a58a-4f48291fc889,fe4bd112-9575-423b-a946-687fd8167552,2025-10-02T05:00:00+00:00,5.0,2.14,won,5.64,4f7ee385-cb9b-4746-90f2-a46bd7837677,1.09,won,f0411d6e-e2a5-4957-a473-f32947bbaeee,683726ea-1bf9-4f1d-bca1-f73903641955,16f6a43a-2aec-4b31-8277-4859cb4245b4,e89c9215-9e8c-4628-b057-3383e2543638,3a29bb4a-d022-4492-9eb3-a18d5f6fa86c,2aa4ef10-af12-437b-a285-329b62dcb2ba
30c0c97b-1be8-408d-a58a-4f48291fc889,fe4bd112-9575-423b-a946-687fd8167552,2025-10-02T05:00:00+00:00,5.0,2.14,won,5.64,04ce7dd5-161d-4589-a055-e3a40cbe5348,1.17,won,f0411d6e-e2a5-4957-a473-f32947bbaeee,2565c605-4e0e-47db-883f-17d36029bc56,c77d94a1-a456-45e3-953d-e8300a5ec514,e89c9215-9e8c-4628-b057-3383e2543638,3a29bb4a-d022-4492-9eb3-a18d5f6fa86c,2aa4ef10-af12-437b-a285-329b62dcb2ba
30c0c97b-1be8-408d-a58a-4f48291fc889,fe4bd112-9575-423b-a946-687fd8167552,2025-10-02T05:00:00+00:00,5.0,2.14,won,5.64,470f5f51-3e7e-4251-a5ad-5ea7a2fe6f91,1.5,won,f0411d6e-e2a5-4957-a473-f32947bbaeee,e8f11881-a093-4c2e-a7c1-29ac81bd6132,16f6a43a-2aec-4b31-8277-4859cb4245b4,e89c9215-9e8c-4628-b057-3383e2543638,a3eb3739-3773-4d58-8614-14ab72b40c10,bfd2457e-c2e5-4a22-a295-b436bb4bf389
560afc5d-06e4-4e9a-a6c9-20fd27c8a386,fe4bd112-9575-423b-a946-687fd8167552,2025-10-03T05:00:00+00:00,5.0,2.1,lost,-5.0,267a52e1-a1b0-453a-9c00-c51586da5595,1.4,lost,eb721fc4-2601-4e50-8288-9998fd220691,507b1f48-1815-4136-9cf6-09a6a7f94461,c77d94a1-a456-45e3-953d-e8300a5ec514,e89c9215-9e8c-4628-b057-3383e2543638,27affa09-e0ac-449b-9171-7f8e9afd6556,9c7a32a2-8098-41c3-82d5-e54903dabe9c
560afc5d-06e4-4e9a-a6c9-20fd27c8a386,fe4bd112-9575-423b-a946-687fd8167552,2025-10-03T05:00:00+00:00,5.0,2.1,lost,-5.0,52f0272f-fa9a-4aeb-9b63-2f8d4ac911ee,1.2,won,eb721fc4-2601-4e50-8288-9998fd220691,683726ea-1bf9-4f1d-bca1-f73903641955,16f6a43a-2aec-4b31-8277-4859cb4245b4,e89c9215-9e8c-4628-b057-3383e2543638,756bf335-93a9-414d-84c5-4c5c7103231e,0e506451-4100-47fc-956f-14cce885d2c3
560afc5d-06e4-4e9a-a6c9-20fd27c8a386,fe4bd112-9575-423b-a946-687fd8167552,2025-10-03T05:00:00+00:00,5.0,2.1,lost,-5.0,d7e1d235-5c1d-4846-aba8-a4515fea8edb,1.25,won,0b6798d4-6c14-47c4-9325-0e2703f4ed17,5bd9be31-8423-4864-8351-92ff8a362a6c,c77d94a1-a456-45e3-953d-e8300a5ec514,e89c9215-9e8c-4628-b057-3383e2543638,03143119-30cd-4242-ac81-81543a3845df,0a092caf-2927-47b9-950e-0d8b0c39910b
647a5711-7b50-4ff7-83e3-94862f1fa235,fe4bd112-9575-423b-a946-687fd8167552,2025-10-04T05:00:00+00:00,1.0,4.2,lost,-1.0,59786fb0-7436-4cba-b7a6-32327419ee0d,1.62,won,d51db847-f102-45c7-8bd3-e9655c3f7371,127b2065-10e2-4912-8757-00a98b9c128c,5b075bbb-e3c9-4aef-97e6-4a41aa8d3484,167caeea-71f4-4f68-924a-10740e616ab3,394c5e24-3875-43fa-a72d-48f1bdef13c6,1064341c-2e50-463a-8b87-a647159146e8
647a5711-7b50-4ff7-83e3-94862f1fa235,fe4bd112-9575-423b-a946-687fd8167552,2025-10-04T05:00:00+00:00,1.0,4.2,lost,-1.0,071bd6a9-3ada-4d4e-a950-440b29d73b3b,1.62,lost,d51db847-f102-45c7-8bd3-e9655c3f7371,b13620f3-4fde-4765-844b-b261c5b3d561,57309d12-2bfb-4974-a3e5-c02c747e9a22,167caeea-71f4-4f68-924a-10740e616ab3,394c5e24-3875-43fa-a72d-48f1bdef13c6,1064341c-2e50-463a-8b87-a647159146e8
647a5711-7b50-4ff7-83e3-94862f1fa235,fe4bd112-9575-423b-a946-687fd8167552,2025-10-04T05:00:00+00:00,1.0,4.2,lost,-1.0,b1f23fb0-fe44-4132-95ba-71f09fe92aa1,1.62,won,d51db847-f102-45c7-8bd3-e9655c3f7371,1b8eadd0-77d5-4ac7-ad46-df68cd3cf96b,c6a06270-7883-4cca-a2fb-88ecd95b8e93,167caeea-71f4-4f68-924a-10740e616ab3,394c5e24-3875-43fa-a72d-48f1bdef13c6,1064341c-2e50-463a-8b87-a647159146e8
934f719e-f7dc-497d-9202-dabbb87a12e5,fe4bd112-9575-423b-a946-687fd8167552,2025-10-05T05:00:00+00:00,4.0,2.22,lost,-4.0,d387596f-9c28-4a2b-9ff2-7513c5981160,1.42,won,55bfd2f9-c987-400a-8141-bfe884d64c06,683726ea-1bf9-4f1d-bca1-f73903641955,16f6a43a-2aec-4b31-8277-4859cb4245b4,e89c9215-9e8c-4628-b057-3383e2543638,3f2b84de-b078-4b8c-9c62-344e809fdc60,ba97cf87-0dc1-4f4e-9c04-2307935a2957
934f719e-f7dc-497d-9202-dabbb87a12e5,fe4bd112-9575-423b-a946-687fd8167552,2025-10-05T05:00:00+00:00,4.0,2.22,lost,-4.0,33a6248e-3ec3-44d4-a60e-0b56818613a2,1.14,won,1d0da644-7d96-41e1-abf3-4db73d28611b,e1c4a695-ccdc-4404-976f-a361f1a42e58,c77d94a1-a456-45e3-953d-e8300a5ec514,e89c9215-9e8c-4628-b057-3383e2543638,c9e4d369-438a-4662-bab7-598152e8d417,add8f1a8-5d90-4f23-910c-19bb44c08b1f
934f719e-f7dc-497d-9202-dabbb87a12e5,fe4bd112-9575-423b-a946-687fd8167552,2025-10-05T05:00:00+00:00,4.0,2.22,lost,-4.0,618a72bd-3823-4a33-a321-8a2a3a412841,1.36,lost,1d0da644-7d96-41e1-abf3-4db73d28611b,ca53329f-f599-4b3a-90a0-e98eaf095b26,c77d94a1-a456-45e3-953d-e8300a5ec514,e89c9215-9e8c-4628-b057-3383e2543638,71d91fd8-515c-4b19-be02-01bae12e9bc4,e230dacc-3d2b-4316-8d39-42c1ffbadfd4
7b48364f-bcdc-4885-afa7-64f68d6e3d6b,fe4bd112-9575-423b-a946-687fd8167552,2025-10-06T05:00:00+00:00,3.0,2.42,won,4.22,f1289a92-68cb-46df-9d76-ed71ad2f6b43,1.44,won,ed9417c7-6d98-45f0-a76a-f331975b6e8d,a684216a-ec4e-4bdf-8727-cef98310b619,5b075bbb-e3c9-4aef-97e6-4a41aa8d3484,e89c9215-9e8c-4628-b057-3383e2543638,2aa4ef10-af12-437b-a285-329b62dcb2ba,13f94297-86ad-49ba-b66c-e9d81a3f5726
7b48364f-bcdc-4885-afa7-64f68d6e3d6b,fe4bd112-9575-423b-a946-687fd8167552,2025-10-06T05:00:00+00:00,3.0,2.42,won,4.22,e928e27d-3c2b-4f8b-b080-29cab90117cd,1.16,won,ed9417c7-6d98-45f0-a76a-f331975b6e8d,683726ea-1bf9-4f1d-bca1-f73903641955,57309d12-2bfb-4974-a3e5-c02c747e9a22,e89c9215-9e8c-4628-b057-3383e2543638,2aa4ef10-af12-437b-a285-329b62dcb2ba,13f94297-86ad-49ba-b66c-e9d81a3f5726
7b48364f-bcdc-4885-afa7-64f68d6e3d6b,fe4bd112-9575-423b-a946-687fd8167552,2025-10-06T05:00:00+00:00,3.0,2.42,won,4.22,71ff5319-fb3e-40ad-9e5f-28db76df68bf,1.38,won,1eaf8fcf-3438-42c4-aaac-1ec2c37aa773,ec0ea221-6aa7-4338-974e-22bb70c0207a,5b075bbb-e3c9-4aef-97e6-4a41aa8d3484,e89c9215-9e8c-4628-b057-3383e2543638,9c7a32a2-8098-41c3-82d5-e54903dabe9c,76685c6f-ad3f-4de7-bab0-2090bc09ef39
7b48364f-bcdc-4885-afa7-64f68d6e3d6b,fe4bd112-9575-423b-a946-687fd8167552,2025-10-06T05:00:00+00:00,3.0,2.42,won,4.22,fe992ddf-fbd0-4c88-9aac-5a015c568cae,1.3,won,1d0da644-7d96-41e1-abf3-4db73d28611b,ad364c62-76fa-4710-b1f6-f069321d0a6e,5b075bbb-e3c9-4aef-97e6-4a41aa8d3484,e89c9215-9e8c-4628-b057-3383e2543638,8edd1c69-5eaf-4b31-9007-eb299cb18931,b4eeb671-6f47-4581-9c02-4241c978733f
e87a65bf-ec9e-4082-9fcb-2c667f708072,fe4bd112-9575-423b-a946-687fd8167552,2025-10-07T05:00:00+00:00,3.0,2.14,won,3.39,f593203a-c359-4747-bc29-f62a10d593e4,1.35,won,ed9417c7-6d98-45f0-a76a-f331975b6e8d,4207a34e-fd76-4288-a95c-353b99f511b4,5b075bbb-e3c9-4aef-97e6-4a41aa8d3484,e89c9215-9e8c-4628-b057-3383e2543638,19ebb2d8-3132-4168-aa02-8ee5bd6d824e,e9792e92-33ff-4290-a864-bb5399ed5db5
e87a65bf-ec9e-4082-9fcb-2c667f708072,fe4bd112-9575-423b-a946-687fd8167552,2025-10-07T05:00:00+00:00,3.0,2.14,won,3.39,07658a2a-9a89-4ea1-a3d2-686820d88c53,1.48,won,ed9417c7-6d98-45f0-a76a-f331975b6e8d,683726ea-1bf9-4f1d-bca1-f73903641955,16f6a43a-2aec-4b31-8277-4859cb4245b4,e89c9215-9e8c-4628-b057-3383e2543638,19ebb2d8-3132-4168-aa02-8ee5bd6d824e,e9792e92-33ff-4290-a864-bb5399ed5db5
e87a65bf-ec9e-4082-9fcb-2c667f708072,fe4bd112-9575-423b-a946-687fd8167552,2025-10-07T05:00:00+00:00,3.0,2.14,won,3.39,2e5263e6-5936-45e4-b799-017c6da7f6bf,1.5,won,d656e942-805f-4e3d-9df7-646fc14daa92,e8f11881-a093-4c2e-a7c1-29ac81bd6132,16f6a43a-2aec-4b31-8277-4859cb4245b4,e89c9215-9e8c-4628-b057-3383e2543638,95fb34eb-1392-4e8c-bdd6-d397e1623c06,756bf335-93a9-414d-84c5-4c5c7103231e
e87a65bf-ec9e-4082-9fcb-2c667f708072,fe4bd112-9575-423b-a946-687fd8167552,2025-10-07T05:00:00+00:00,3.0,2.14,won,3.39,518bfd62-ca35-4057-936b-eb9d16334aa9,1.2,won,6b819918-a80e-4628-932b-6f73abda9a73,28fb7f5a-7e3a-468d-9cdd-d6b676026051,5b075bbb-e3c9-4aef-97e6-4a41aa8d3484,e89c9215-9e8c-4628-b057-3383e2543638,0e506451-4100-47fc-956f-14cce885d2c3,5e0e9ef0-e927-4185-b0d0-8319fb586ec0
58785b2b-4eec-4244-832b-844a036def47,fe4bd112-9575-423b-a946-687fd8167552,2025-10-08T05:00:00+00:00,3.0,2.0,won,2.97,eb0937eb-d170-45af-b963-b7c84b81df46,1.2,won,ed9417c7-6d98-45f0-a76a-f331975b6e8d,d6d6760a-1592-48bf-9edb-b6d2eff16e96,c77d94a1-a456-45e3-953d-e8300a5ec514,e89c9215-9e8c-4628-b057-3383e2543638,694f349e-4446-4326-b08e-26d60696b8eb,809d70c0-0d07-4848-bebd-c7accf7ccb2b
58785b2b-4eec-4244-832b-844a036def47,fe4bd112-9575-423b-a946-687fd8167552,2025-10-08T05:00:00+00:00,3.0,2.0,won,2.97,26640609-fefd-425c-b3ba-b4cd619e75f2,1.2,won,d656e942-805f-4e3d-9df7-646fc14daa92,61131ef7-faf0-4386-920f-c8ac8c23a788,c77d94a1-a456-45e3-953d-e8300a5ec514,e89c9215-9e8c-4628-b057-3383e2543638,3463a850-6a44-43c2-ad5c-bc33fe48d029,862d869b-5d24-4b01-9033-14967e0f4181
58785b2b-4eec-4244-832b-844a036def47,fe4bd112-9575-423b-a946-687fd8167552,2025-10-08T05:00:00+00:00,3.0,2.0,won,2.97,ddaf714e-ce91-4c03-af2c-1b041a842628,1.2,won,6b819918-a80e-4628-932b-6f73abda9a73,7773206f-7772-48ca-91fa-2c8bfa6feb00,5b075bbb-e3c9-4aef-97e6-4a41aa8d3484,e89c9215-9e8c-4628-b057-3383e2543638,dd48327f-7445-46be-8dc4-0aca6d7a31fe,75d33541-6e0d-4598-8d62-a9f2c36bef4f
58785b2b-4eec-4244-832b-844a036def47,fe4bd112-9575-423b-a946-687fd8167552,2025-10-08T05:00:00+00:00,3.0,2.0,won,2.97,001e69e6-eea8-4750-beef-e584e9e95a23,1.2,won,6b819918-a80e-4628-932b-6f73abda9a73,e8f11881-a093-4c2e-a7c1-29ac81bd6132,16f6a43a-2aec-4b31-8277-4859cb4245b4,e89c9215-9e8c-4628-b057-3383e2543638,dd48327f-7445-46be-8dc4-0aca6d7a31fe,75d33541-6e0d-4598-8d62-a9f2c36bef4f
76f272d4-7cd9-4a79-a62c-0d5075e76a85,fe4bd112-9575-423b-a946-687fd8167552,2025-10-09T05:00:00+00:00,1.15,2.3,lost,-1.15,1b0c6820-100a-4e40-ae7b-acc5b57d99be,1.21,won,5bf591f8-3aff-4c35-b123-4bff35241ba4,683726ea-1bf9-4f1d-bca1-f73903641955,16f6a43a-2aec-4b31-8277-4859cb4245b4,e89c9215-9e8c-4628-b057-3383e2543638,663efaf5-988e-4592-a093-5229b025fb8d,4f2ba379-0044-4f84-b896-a2adf12ddc6d
76f272d4-7cd9-4a79-a62c-0d5075e76a85,fe4bd112-9575-423b-a946-687fd8167552,2025-10-09T05:00:00+00:00,1.15,2.3,lost,-1.15,bf545284-86ea-4766-a1f4-7b6b9780edb1,1.23,won,5bf591f8-3aff-4c35-b123-4bff35241ba4,7b8855ef-0f26-4648-b029-ae13929a7b14,c77d94a1-a456-45e3-953d-e8300a5ec514,e89c9215-9e8c-4628-b057-3383e2543638,663efaf5-988e-4592-a093-5229b025fb8d,4f2ba379-0044-4f84-b896-a2adf12ddc6d
76f272d4-7cd9-4a79-a62c-0d5075e76a85,fe4bd112-9575-423b-a946-687fd8167552,2025-10-09T05:00:00+00:00,1.15,2.3,lost,-1.15,87da5055-c389-488d-b7c5-648c50457c65,1.3,lost,5bf591f8-3aff-4c35-b123-4bff35241ba4,4d1aab1c-3747-42e9-bc15-e6341a70d45d,4c708921-cb0c-481f-bede-8efda8e79ba8,e89c9215-9e8c-4628-b057-3383e2543638,663efaf5-988e-4592-a093-5229b025fb8d,4f2ba379-0044-4f84-b896-a2adf12ddc6d
72e4e206-a160-4bf1-a5d9-3ab87accee0f,fe4bd112-9575-423b-a946-687fd8167552,2025-10-10T05:00:00+00:00,3.0,2.33,lost,-3.0,18d22d18-09cb-404a-9363-ee5de4845636,1.33,won,1d0da644-7d96-41e1-abf3-4db73d28611b,683726ea-1bf9-4f1d-bca1-f73903641955,16f6a43a-2aec-4b31-8277-4859cb4245b4,167caeea-71f4-4f68-924a-10740e616ab3,add8f1a8-5d90-4f23-910c-19bb44c08b1f,71d91fd8-515c-4b19-be02-01bae12e9bc4
72e4e206-a160-4bf1-a5d9-3ab87accee0f,fe4bd112-9575-423b-a946-687fd8167552,2025-10-10T05:00:00+00:00,3.0,2.33,lost,-3.0,20e69390-2b7f-4eee-b95a-d09a838be871,1.4,lost,25836ff6-4759-4b46-97ff-bb92b8006706,683726ea-1bf9-4f1d-bca1-f73903641955,16f6a43a-2aec-4b31-8277-4859cb4245b4,167caeea-71f4-4f68-924a-10740e616ab3,8d55bb8b-56c2-4a3b-89d9-c06ee1d4a910,0c5799c9-dd2c-4a4a-8e49-efb47e2cc08e
72e4e206-a160-4bf1-a5d9-3ab87accee0f,fe4bd112-9575-423b-a946-687fd8167552,2025-10-10T05:00:00+00:00,3.0,2.33,lost,-3.0,b2df4681-23b2-40a6-8f58-aae4f779e64b,1.45,won,25836ff6-4759-4b46-97ff-bb92b8006706,94442dd7-1242-471f-9fe7-0514dcd9dccf,c77d94a1-a456-45e3-953d-e8300a5ec514,167caeea-71f4-4f68-924a-10740e616ab3,8d55bb8b-56c2-4a3b-89d9-c06ee1d4a910,0c5799c9-dd2c-4a4a-8e49-efb47e2cc08e
ac13fde1-1f49-4b00-afa9-6e5a5694eb0f,fe4bd112-9575-423b-a946-687fd8167552,2025-10-11T05:00:00+00:00,1.0,2.7,won,1.68,ccefd788-8ab4-43f5-819d-37fc9aa517d1,1.4,won,d51db847-f102-45c7-8bd3-e9655c3f7371,683726ea-1bf9-4f1d-bca1-f73903641955,16f6a43a-2aec-4b31-8277-4859cb4245b4,167caeea-71f4-4f68-924a-10740e616ab3,6b4f1064-154d-4ac0-a7c9-6bee816f2631,79f09922-51db-4c6a-977a-ea1637b1cdbe
ac13fde1-1f49-4b00-afa9-6e5a5694eb0f,fe4bd112-9575-423b-a946-687fd8167552,2025-10-11T05:00:00+00:00,1.0,2.7,won,1.68,bfca1c38-669f-4588-b948-8d8fb7b18cb5,1.35,won,d51db847-f102-45c7-8bd3-e9655c3f7371,e1269f87-8095-4a30-9426-32cf6dd68d6c,d5fda5e8-b3e1-4941-bb8d-ab64d5ae7ffa,167caeea-71f4-4f68-924a-10740e616ab3,6b4f1064-154d-4ac0-a7c9-6bee816f2631,79f09922-51db-4c6a-977a-ea1637b1cdbe
ac13fde1-1f49-4b00-afa9-6e5a5694eb0f,fe4bd112-9575-423b-a946-687fd8167552,2025-10-11T05:00:00+00:00,1.0,2.7,won,1.68,481df934-4994-437f-bf5b-a2070276092c,1.5,won,d51db847-f102-45c7-8bd3-e9655c3f7371,abfc0aae-3937-4416-87d1-77af8b875008,64cd63c7-b3eb-49f2-a822-c31a0385ce28,167caeea-71f4-4f68-924a-10740e616ab3,6b4f1064-154d-4ac0-a7c9-6bee816f2631,79f09922-51db-4c6a-977a-ea1637b1cdbe
55cd4b02-bd10-4bec-ba3a-a9a704335694,fe4bd112-9575-423b-a946-687fd8167552,2025-10-12T05:00:00+00:00,2.0,2.47,lost,-2.0,1f651952-132e-49c2-a5ec-2042d0cfbb88,1.33,won,1d0da644-7d96-41e1-abf3-4db73d28611b,683726ea-1bf9-4f1d-bca1-f73903641955,16f6a43a-2aec-4b31-8277-4859cb4245b4,167caeea-71f4-4f68-924a-10740e616ab3,09f00bb2-5156-45bd-819d-f6c536e0d0e8,fec2d911-8fb2-4dbb-87fd-e7a1cdc05ebe
55cd4b02-bd10-4bec-ba3a-a9a704335694,fe4bd112-9575-423b-a946-687fd8167552,2025-10-12T05:00:00+00:00,2.0,2.47,lost,-2.0,29e79900-57de-45df-bcfd-f4a328770037,1.25,lost,1d0da644-7d96-41e1-abf3-4db73d28611b,146ab169-83dd-4f79-bd6e-872d93017707,d5fda5e8-b3e1-4941-bb8d-ab64d5ae7ffa,167caeea-71f4-4f68-924a-10740e616ab3,09f00bb2-5156-45bd-819d-f6c536e0d0e8,fec2d911-8fb2-4dbb-87fd-e7a1cdc05ebe
55cd4b02-bd10-4bec-ba3a-a9a704335694,fe4bd112-9575-423b-a946-687fd8167552,2025-10-12T05:00:00+00:00,2.0,2.47,lost,-2.0,ddffd39b-0a9e-4da2-8000-17fd0d1e3f98,1.5,won,1d0da644-7d96-41e1-abf3-4db73d28611b,683726ea-1bf9-4f1d-bca1-f73903641955,16f6a43a-2aec-4b31-8277-4859cb4245b4,167caeea-71f4-4f68-924a-10740e616ab3,663ee41b-4624-4eff-ac5a-09cbda900c1f,8edd1c69-5eaf-4b31-9007-eb299cb18931
87f941c7-0aa9-4f07-b04e-9090999633e7,fe4bd112-9575-423b-a946-687fd8167552,2025-10-13T05:00:00+00:00,3.03,2.77,lost,-3.03,15cce140-8b6e-4cfe-b5e6-1930f223bad7,1.13,won,d656e942-805f-4e3d-9df7-646fc14daa92,683726ea-1bf9-4f1d-bca1-f73903641955,16f6a43a-2aec-4b31-8277-4859cb4245b4,e89c9215-9e8c-4628-b057-3383e2543638,6961c1f4-48b4-4951-b280-066c77635500,862d869b-5d24-4b01-9033-14967e0f4181
87f941c7-0aa9-4f07-b04e-9090999633e7,fe4bd112-9575-423b-a946-687fd8167552,2025-10-13T05:00:00+00:00,3.03,2.77,lost,-3.03,ddc34437-c749-4658-b525-8c9831543419,1.16,lost,d656e942-805f-4e3d-9df7-646fc14daa92,33d6a36f-7c4e-471d-ba49-b593b0143b0b,c77d94a1-a456-45e3-953d-e8300a5ec514,e89c9215-9e8c-4628-b057-3383e2543638,3463a850-6a44-43c2-ad5c-bc33fe48d029,b1132366-3a5d-46ef-8e08-4f696df76818
87f941c7-0aa9-4f07-b04e-9090999633e7,fe4bd112-9575-423b-a946-687fd8167552,2025-10-13T05:00:00+00:00,3.03,2.77,lost,-3.03,8322fd1f-a8f5-45e3-9fa3-4b17352647de,1.13,won,1d0da644-7d96-41e1-abf3-4db73d28611b,33da7ae8-76e8-4220-8f71-6f8fdfebec61,c77d94a1-a456-45e3-953d-e8300a5ec514,e89c9215-9e8c-4628-b057-3383e2543638,997d8b26-f2f6-4c75-a758-c588ac895d38,2aef5c5f-ab2a-474a-a9cf-94238c14a336
87f941c7-0aa9-4f07-b04e-9090999633e7,fe4bd112-9575-423b-a946-687fd8167552,2025-10-13T05:00:00+00:00,3.03,2.77,lost,-3.03,0a43ba2d-ad6f-4b93-89fc-8024c21963a6,1.18,lost,1d0da644-7d96-41e1-abf3-4db73d28611b,fbee9123-ee55-43b9-a4a3-68bf8a18a844,838d9356-f947-4fa3-9ac4-09d7c6451b56,e89c9215-9e8c-4628-b057-3383e2543638,89752449-4f80-4d4c-9522-68c16dcb8ab8,4675773b-8aa3-4cb4-b704-5706557bc64d
a3e159c4-5fed-4006-9a79-30725fe5853b,fe4bd112-9575-423b-a946-687fd8167552,2025-10-14T05:00:00+00:00,2.23,1.79,won,1.74,ae073874-043f-48f1-bbcb-ff963f4cebad,1.18,won,ed9417c7-6d98-45f0-a76a-f331975b6e8d,683726ea-1bf9-4f1d-bca1-f73903641955,16f6a43a-2aec-4b31-8277-4859cb4245b4,e89c9215-9e8c-4628-b057-3383e2543638,0b0abae2-cc9e-4fcb-8856-5a94a448122a,23cf9ddb-e45f-4a9c-a0e6-6cd99d9bb1da
a3e159c4-5fed-4006-9a79-30725fe5853b,fe4bd112-9575-423b-a946-687fd8167552,2025-10-14T05:00:00+00:00,2.23,1.79,won,1.74,38c0244c-0818-431b-921b-6a41c5b9950e,1.18,won,785493cc-85bf-47ba-b33f-9b9c0bf6f5a1,683726ea-1bf9-4f1d-bca1-f73903641955,16f6a43a-2aec-4b31-8277-4859cb4245b4,e89c9215-9e8c-4628-b057-3383e2543638,19039357-4b05-4d72-94e1-c87ad623f869,122277a9-0889-4277-b3be-30776f2f79ac
a3e159c4-5fed-4006-9a79-30725fe5853b,fe4bd112-9575-423b-a946-687fd8167552,2025-10-14T05:00:00+00:00,2.23,1.79,won,1.74,76f455e9-eec5-4df0-8438-0bb14b4496d5,1.18,won,0955ab1e-89bf-4d26-8a75-868a4640a54e,055cfa58-e92f-448f-a9e2-059785c56209,c77d94a1-a456-45e3-953d-e8300a5ec514,e89c9215-9e8c-4628-b057-3383e2543638,768724c1-58f2-4529-8ec6-5d320202d802,6fa85e00-c864-4395-8093-3033dd400082
6468a2eb-ac9d-445f-a5e8-83df51cacf35,fe4bd112-9575-423b-a946-687fd8167552,2025-10-15T05:00:00+00:00,1.03,1.94,won,0.96,c104b65d-628c-4046-bf13-86e5bb87c1ae,1.18,won,1d0da644-7d96-41e1-abf3-4db73d28611b,b95451d1-f834-4220-8fb8-b28cd3da4d71,838d9356-f947-4fa3-9ac4-09d7c6451b56,e89c9215-9e8c-4628-b057-3383e2543638,c9e4d369-438a-4662-bab7-598152e8d417,a734c28d-4f46-4b6a-b3a5-776be052adfa
6468a2eb-ac9d-445f-a5e8-83df51cacf35,fe4bd112-9575-423b-a946-687fd8167552,2025-10-15T05:00:00+00:00,1.03,1.94,won,0.96,a0bdd941-17a8-4985-b15c-1a88b95913c5,1.18,won,1eaf8fcf-3438-42c4-aaac-1ec2c37aa773,683726ea-1bf9-4f1d-bca1-f73903641955,16f6a43a-2aec-4b31-8277-4859cb4245b4,e89c9215-9e8c-4628-b057-3383e2543638,dc050b87-6542-42fb-a997-04b6634edf02,3995ccc1-9fb0-4a5e-a40a-af53c2096b09
6468a2eb-ac9d-445f-a5e8-83df51cacf35,fe4bd112-9575-423b-a946-687fd8167552,2025-10-15T05:00:00+00:00,1.03,1.94,won,0.96,e5a698ec-4df3-41d8-a4a5-46b9984b6a1d,1.18,won,d656e942-805f-4e3d-9df7-646fc14daa92,1eee4087-1868-486e-ae73-c1c3d4395168,c77d94a1-a456-45e3-953d-e8300a5ec514,e89c9215-9e8c-4628-b057-3383e2543638,756bf335-93a9-414d-84c5-4c5c7103231e,e4874ccf-b1f4-431c-ab78-5c6d2be9d4c5
0afcb13e-7d8b-4241-bf5c-b365c0f1f44e,fe4bd112-9575-423b-a946-687fd8167552,2025-10-16T05:00:00+00:00,1.79,2.1,won,1.95,eaaf0266-25c4-44d8-a939-710e506aa97c,1.18,won,1eaf8fcf-3438-42c4-aaac-1ec2c37aa773,ec0ea221-6aa7-4338-974e-22bb70c0207a,5b075bbb-e3c9-4aef-97e6-4a41aa8d3484,e89c9215-9e8c-4628-b057-3383e2543638,9c7a32a2-8098-41c3-82d5-e54903dabe9c,2ce78b64-263c-468f-ba70-ed7e3d6ffd86
0afcb13e-7d8b-4241-bf5c-b365c0f1f44e,fe4bd112-9575-423b-a946-687fd8167552,2025-10-16T05:00:00+00:00,1.79,2.1,won,1.95,ac97bd50-01a5-4d24-8582-816963e94610,1.18,won,55bfd2f9-c987-400a-8141-bfe884d64c06,c05df588-387c-48dd-81e7-0226527359d0,c77d94a1-a456-45e3-953d-e8300a5ec514,e89c9215-9e8c-4628-b057-3383e2543638,ae729681-2c3c-4737-83cd-02197e15fd50,4a878bde-38e7-497e-bff8-55e4483f4c3d
0afcb13e-7d8b-4241-bf5c-b365c0f1f44e,fe4bd112-9575-423b-a946-687fd8167552,2025-10-16T05:00:00+00:00,1.79,2.1,won,1.95,14f8b7e6-3864-49e0-b56f-c25195ca989d,1.18,won,ed9417c7-6d98-45f0-a76a-f331975b6e8d,21e3874e-ea4c-411f-9ac1-6d3b49b47208,7cef42a5-41f8-4803-9867-30a2b90bfa8f,e89c9215-9e8c-4628-b057-3383e2543638,19ebb2d8-3132-4168-aa02-8ee5bd6d824e,2aa4ef10-af12-437b-a285-329b62dcb2ba
63b2ebb6-bcf1-409d-9390-6720b2d9b9fe,fe4bd112-9575-423b-a946-687fd8167552,2025-10-17T05:00:00+00:00,2.0,2.5,lost,-2.0,2b6a223b-03e1-4554-8ea0-f2536d1fa8a7,1.18,lost,55bfd2f9-c987-400a-8141-bfe884d64c06,9f9f8d0b-83d8-407b-9ec1-cb0710ee68b0,3bb794b8-7daa-4803-8859-68a04ea73bdf,167caeea-71f4-4f68-924a-10740e616ab3,bfd2457e-c2e5-4a22-a295-b436bb4bf389,3f2b84de-b078-4b8c-9c62-344e809fdc60
63b2ebb6-bcf1-409d-9390-6720b2d9b9fe,fe4bd112-9575-423b-a946-687fd8167552,2025-10-17T05:00:00+00:00,2.0,2.5,lost,-2.0,2d183a6c-05d5-4fb1-b49b-4f52ffeb15f1,1.18,won,ed9417c7-6d98-45f0-a76a-f331975b6e8d,8d5f0840-ea71-489e-8807-91b4f9a4cc25,5b075bbb-e3c9-4aef-97e6-4a41aa8d3484,167caeea-71f4-4f68-924a-10740e616ab3,862d869b-5d24-4b01-9033-14967e0f4181,8f626dc5-b66d-4226-aee0-8b8c0e5ad1a7
34d1cc33-a14b-42fc-9ca1-b11c6ee01d86,fe4bd112-9575-423b-a946-687fd8167552,2025-10-18T05:00:00+00:00,1.0,2.79,won,1.77,27623fbc-6809-4f15-a985-710c61da8401,1.2,won,55bfd2f9-c987-400a-8141-bfe884d64c06,81805698-4a4a-485f-a627-06d7aa899419,57309d12-2bfb-4974-a3e5-c02c747e9a22,167caeea-71f4-4f68-924a-10740e616ab3,db02f508-0de5-426a-809e-0b540c392e7e,038ad683-f2bc-4f93-a420-41656046ea81
34d1cc33-a14b-42fc-9ca1-b11c6ee01d86,fe4bd112-9575-423b-a946-687fd8167552,2025-10-18T05:00:00+00:00,1.0,2.79,won,1.77,765de6f0-86a6-42bb-9f66-f09fbfc3892a,1.2,won,55bfd2f9-c987-400a-8141-bfe884d64c06,f2585d9c-7664-4c04-b62b-ae4aebd0669f,838d9356-f947-4fa3-9ac4-09d7c6451b56,167caeea-71f4-4f68-924a-10740e616ab3,db02f508-0de5-426a-809e-0b540c392e7e,038ad683-f2bc-4f93-a420-41656046ea81
34d1cc33-a14b-42fc-9ca1-b11c6ee01d86,fe4bd112-9575-423b-a946-687fd8167552,2025-10-18T05:00:00+00:00,1.0,2.79,won,1.77,3983678a-40ed-4623-9040-cec1d256e7d4,1.2,won,ed9417c7-6d98-45f0-a76a-f331975b6e8d,683726ea-1bf9-4f1d-bca1-f73903641955,16f6a43a-2aec-4b31-8277-4859cb4245b4,167caeea-71f4-4f68-924a-10740e616ab3,2e9809a2-62a7-4704-9e1a-0acf4072ae64,1cb9fdbe-7ef9-40d5-8eda-6ea1c3b04a68
86608b1d-022b-4f15-b162-9149164be1e4,fe4bd112-9575-423b-a946-687fd8167552,2025-10-19T05:00:00+00:00,1.0,2.84,won,1.82,7ebd2f95-2970-4d91-8c6f-45e106c0a654,1.25,won,eb721fc4-2601-4e50-8288-9998fd220691,abfc0aae-3937-4416-87d1-77af8b875008,64cd63c7-b3eb-49f2-a822-c31a0385ce28,167caeea-71f4-4f68-924a-10740e616ab3,8614c7ac-4288-43b9-a645-7dab155263fd,ac202379-8264-4d58-9070-1d1702a44428
86608b1d-022b-4f15-b162-9149164be1e4,fe4bd112-9575-423b-a946-687fd8167552,2025-10-19T05:00:00+00:00,1.0,2.84,won,1.82,b95e64ff-2221-47a0-8cbf-10b2a772dec6,1.26,won,eb721fc4-2601-4e50-8288-9998fd220691,683726ea-1bf9-4f1d-bca1-f73903641955,16f6a43a-2aec-4b31-8277-4859cb4245b4,167caeea-71f4-4f68-924a-10740e616ab3,d33f0222-bf25-46ce-96ea-fb85d63d8f73,c3ff1f07-f3c2-4b15-9d59-f06741d67c75
71712075-3b5a-44a9-bdf6-fce7b8ca83b7,fe4bd112-9575-423b-a946-687fd8167552,2025-10-20T05:00:00+00:00,1.2,2.55,lost,-1.2,7982b543-c9f7-4e4f-a2b8-f989d2be987c,1.26,won,f0411d6e-e2a5-4957-a473-f32947bbaeee,a39ad4b7-1953-4a3f-8831-0a36e6cce566,5b075bbb-e3c9-4aef-97e6-4a41aa8d3484,167caeea-71f4-4f68-924a-10740e616ab3,bfd2457e-c2e5-4a22-a295-b436bb4bf389,d235131c-c55f-4622-ae5a-b4ae5aac4144
71712075-3b5a-44a9-bdf6-fce7b8ca83b7,fe4bd112-9575-423b-a946-687fd8167552,2025-10-20T05:00:00+00:00,1.2,2.55,lost,-1.2,6bfe58f3-120b-4f1a-8b9b-aa0fc6dd9c85,1.26,won,f0411d6e-e2a5-4957-a473-f32947bbaeee,f23285c9-9025-4f68-befc-d4df9996a7d4,5b075bbb-e3c9-4aef-97e6-4a41aa8d3484,167caeea-71f4-4f68-924a-10740e616ab3,99e34458-899c-44fd-881b-2497f7c9214b,3a29bb4a-d022-4492-9eb3-a18d5f6fa86c
71712075-3b5a-44a9-bdf6-fce7b8ca83b7,fe4bd112-9575-423b-a946-687fd8167552,2025-10-20T05:00:00+00:00,1.2,2.55,lost,-1.2,430e7367-c7fc-4afc-9137-0ae3aef05f03,1.26,lost,f0411d6e-e2a5-4957-a473-f32947bbaeee,683726ea-1bf9-4f1d-bca1-f73903641955,16f6a43a-2aec-4b31-8277-4859cb4245b4,167caeea-71f4-4f68-924a-10740e616ab3,be2426af-cf99-4285-8bbe-bb082fed0fdb,898dad2c-07c8-418a-8426-93b5792d014d
b846e8fc-3a3e-4a35-b700-1992544e90b0,fe4bd112-9575-423b-a946-687fd8167552,2025-10-21T05:00:00+00:00,1.06,2.0,won,1.05,39c86c14-c0cb-4145-857f-f8aad082ac88,1.26,won,f0411d6e-e2a5-4957-a473-f32947bbaeee,683726ea-1bf9-4f1d-bca1-f73903641955,16f6a43a-2aec-4b31-8277-4859cb4245b4,167caeea-71f4-4f68-924a-10740e616ab3,07c8c50d-d933-4c44-9c9a-a969d77874f9,e0b79e5e-241e-4ea7-be0c-68991f70bf75
b846e8fc-3a3e-4a35-b700-1992544e90b0,fe4bd112-9575-423b-a946-687fd8167552,2025-10-21T05:00:00+00:00,1.06,2.0,won,1.05,1f164b90-063e-499c-b7ac-c58f3ca8d175,1.26,won,f0411d6e-e2a5-4957-a473-f32947bbaeee,8631c6c9-9b02-4c5f-94fd-56eb7c51d14c,c77d94a1-a456-45e3-953d-e8300a5ec514,167caeea-71f4-4f68-924a-10740e616ab3,89752449-4f80-4d4c-9522-68c16dcb8ab8,c76b220e-97cc-490a-abad-5d171cdcf9d7
b846e8fc-3a3e-4a35-b700-1992544e90b0,fe4bd112-9575-423b-a946-687fd8167552,2025-10-21T05:00:00+00:00,1.06,2.0,won,1.05,f64b461d-4017-49fb-8864-c646fdd82aee,1.26,won,f0411d6e-e2a5-4957-a473-f32947bbaeee,4207a34e-fd76-4288-a95c-353b99f511b4,5b075bbb-e3c9-4aef-97e6-4a41aa8d3484,167caeea-71f4-4f68-924a-10740e616ab3,19ebb2d8-3132-4168-aa02-8ee5bd6d824e,a734c28d-4f46-4b6a-b3a5-776be052adfa
d656df35-4d78-44a8-aadd-127040db1ba1,fe4bd112-9575-423b-a946-687fd8167552,2025-10-22T05:00:00+00:00,1.0,2.2,lost,-1.0,45e27bdc-3466-4073-b89f-0c61af7cf4f9,1.26,won,f0411d6e-e2a5-4957-a473-f32947bbaeee,abfc0aae-3937-4416-87d1-77af8b875008,64cd63c7-b3eb-49f2-a822-c31a0385ce28,167caeea-71f4-4f68-924a-10740e616ab3,6961c1f4-48b4-4951-b280-066c77635500,0a818b59-975e-4e9b-bcfa-98f96cb7573d
d656df35-4d78-44a8-aadd-127040db1ba1,fe4bd112-9575-423b-a946-687fd8167552,2025-10-22T05:00:00+00:00,1.0,2.2,lost,-1.0,26f96b74-c17c-47c1-9586-097f5d9a7cd1,1.26,lost,f0411d6e-e2a5-4957-a473-f32947bbaeee,40dc885c-849f-4884-b53e-41937f32435f,57309d12-2bfb-4974-a3e5-c02c747e9a22,167caeea-71f4-4f68-924a-10740e616ab3,19ebb2d8-3132-4168-aa02-8ee5bd6d824e,a734c28d-4f46-4b6a-b3a5-776be052adfa
21cffc0b-9181-4768-8999-618f9677280c,fe4bd112-9575-423b-a946-687fd8167552,2025-10-23T05:00:00+00:00,1.09,1.98,won,1.06,3ea7af55-6d3b-41fb-9f32-1f7836a87a5b,1.26,won,f0411d6e-e2a5-4957-a473-f32947bbaeee,e8f11881-a093-4c2e-a7c1-29ac81bd6132,16f6a43a-2aec-4b31-8277-4859cb4245b4,167caeea-71f4-4f68-924a-10740e616ab3,2aa4ef10-af12-437b-a285-329b62dcb2ba,fdd1ead6-7980-4d3f-9e0b-aa7e7b6cbff9
21cffc0b-9181-4768-8999-618f9677280c,fe4bd112-9575-423b-a946-687fd8167552,2025-10-23T05:00:00+00:00,1.09,1.98,won,1.06,a30cb895-4624-4902-962c-0bd36b1c119f,1.26,won,f0411d6e-e2a5-4957-a473-f32947bbaeee,146ab169-83dd-4f79-bd6e-872d93017707,d5fda5e8-b3e1-4941-bb8d-ab64d5ae7ffa,167caeea-71f4-4f68-924a-10740e616ab3,c38b1c91-1b1f-40f5-852d-4340755b810f,862d869b-5d24-4b01-9033-14967e0f4181
bf622f80-faa6-44ce-8aa1-56d05c7b7281,fe4bd112-9575-423b-a946-687fd8167552,2025-10-24T05:00:00+00:00,1.03,1.94,lost,-1.03,631ff977-4b55-44db-93db-50971fc09021,1.26,won,55bfd2f9-c987-400a-8141-bfe884d64c06,6f5c207e-c554-41b3-878a-862f96a73c38,57309d12-2bfb-4974-a3e5-c02c747e9a22,167caeea-71f4-4f68-924a-10740e616ab3,038ad683-f2bc-4f93-a420-41656046ea81,ee3573c9-65dd-450a-9e2b-f1fcf072016e
bf622f80-faa6-44ce-8aa1-56d05c7b7281,fe4bd112-9575-423b-a946-687fd8167552,2025-10-24T05:00:00+00:00,1.03,1.94,lost,-1.03,6ca23e0d-a0c9-4e2f-aa29-4cf5fedfa705,1.26,lost,55bfd2f9-c987-400a-8141-bfe884d64c06,146ab169-83dd-4f79-bd6e-872d93017707,d5fda5e8-b3e1-4941-bb8d-ab64d5ae7ffa,167caeea-71f4-4f68-924a-10740e616ab3,038ad683-f2bc-4f93-a420-41656046ea81,ee3573c9-65dd-450a-9e2b-f1fcf072016e
bf622f80-faa6-44ce-8aa1-56d05c7b7281,fe4bd112-9575-423b-a946-687fd8167552,2025-10-24T05:00:00+00:00,1.03,1.94,lost,-1.03,9c1922e9-0d6d-4928-90e2-98951126457f,1.26,won,ed9417c7-6d98-45f0-a76a-f331975b6e8d,d63dfa18-751d-4602-bfed-d5377b457271,d5fda5e8-b3e1-4941-bb8d-ab64d5ae7ffa,167caeea-71f4-4f68-924a-10740e616ab3,7a4bc06d-862e-4537-ab10-29c25ef1067e,e9792e92-33ff-4290-a864-bb5399ed5db5
5a0ceee9-6e5d-454b-8183-e1e1257311ab,fe4bd112-9575-423b-a946-687fd8167552,2025-10-25T05:00:00+00:00,1.0,3.02,lost,-1.0,f27b98aa-5e15-4232-85e7-bf4439a47ddb,1.26,won,55bfd2f9-c987-400a-8141-bfe884d64c06,25bc9fb7-6141-457b-a901-5857fd11f117,838d9356-f947-4fa3-9ac4-09d7c6451b56,167caeea-71f4-4f68-924a-10740e616ab3,0a818b59-975e-4e9b-bcfa-98f96cb7573d,b5043c5c-e63c-47d6-b848-0a0bbbddebb0
5a0ceee9-6e5d-454b-8183-e1e1257311ab,fe4bd112-9575-423b-a946-687fd8167552,2025-10-25T05:00:00+00:00,1.0,3.02,lost,-1.0,0f18764a-c002-4a00-a63d-d6e6743cacc7,1.26,lost,55bfd2f9-c987-400a-8141-bfe884d64c06,d57eeefa-6b2b-4f6b-ad42-0958e920c3c9,3bb794b8-7daa-4803-8859-68a04ea73bdf,167caeea-71f4-4f68-924a-10740e616ab3,0a818b59-975e-4e9b-bcfa-98f96cb7573d,b5043c5c-e63c-47d6-b848-0a0bbbddebb0
5a0ceee9-6e5d-454b-8183-e1e1257311ab,fe4bd112-9575-423b-a946-687fd8167552,2025-10-25T05:00:00+00:00,1.0,3.02,lost,-1.0,9fc251f8-d864-49a8-be01-4ecf0f5224bd,1.26,won,ed9417c7-6d98-45f0-a76a-f331975b6e8d,4207a34e-fd76-4288-a95c-353b99f511b4,5b075bbb-e3c9-4aef-97e6-4a41aa8d3484,167caeea-71f4-4f68-924a-10740e616ab3,694f349e-4446-4326-b08e-26d60696b8eb,19ebb2d8-3132-4168-aa02-8ee5bd6d824e
78f1910b-0d00-4dcc-9f00-483453606653,fe4bd112-9575-423b-a946-687fd8167552,2025-10-26T05:00:00+00:00,1.0,2.0,won,0.99,91618209-03bd-488b-bea4-ab4954ece91b,1.26,won,d656e942-805f-4e3d-9df7-646fc14daa92,b864329f-034b-4457-89f0-836f417937f5,c77d94a1-a456-45e3-953d-e8300a5ec514,167caeea-71f4-4f68-924a-10740e616ab3,e4874ccf-b1f4-431c-ab78-5c6d2be9d4c5,5746a69a-1663-40d3-b519-67d4a5b5666c
78f1910b-0d00-4dcc-9f00-483453606653,fe4bd112-9575-423b-a946-687fd8167552,2025-10-26T05:00:00+00:00,1.0,2.0,won,0.99,d3057cf8-3bbf-4555-8f72-c3f51f0ee1d1,1.26,won,ed9417c7-6d98-45f0-a76a-f331975b6e8d,96fa87a4-5a1f-44ec-b86a-b220e1a1c5e6,57309d12-2bfb-4974-a3e5-c02c747e9a22,167caeea-71f4-4f68-924a-10740e616ab3,adce17ef-fed5-4499-96c8-32bfecb752a7,0b0abae2-cc9e-4fcb-8856-5a94a448122a
b6f4858e-6f3c-46e4-88ab-5776c6a611d7,fe4bd112-9575-423b-a946-687fd8167552,2025-11-07T05:00:00+00:00,5.0,2.48,lost,-5.0,ac98c917-da6e-4c60-8c7d-9c3a67bfbb0d,1.55,won,d51db847-f102-45c7-8bd3-e9655c3f7371,11800184-319f-48fe-99ae-d0159d614284,c77d94a1-a456-45e3-953d-e8300a5ec514,167caeea-71f4-4f68-924a-10740e616ab3,19bc3c18-95ad-4265-b132-f95710c5bd0b,6877a7cb-098b-4c40-95ad-6e0b50dfdb4f
b6f4858e-6f3c-46e4-88ab-5776c6a611d7,fe4bd112-9575-423b-a946-687fd8167552,2025-11-07T05:00:00+00:00,5.0,2.48,lost,-5.0,c2161b47-6eec-4b7b-8022-792da133f36b,1.33,lost,0955ab1e-89bf-4d26-8a75-868a4640a54e,062ab2d6-36c6-4d2d-b289-4eb0110011fd,c77d94a1-a456-45e3-953d-e8300a5ec514,167caeea-71f4-4f68-924a-10740e616ab3,6033c419-598e-4983-93d0-dab821778d6c,c0bde904-38cc-4728-9be0-9353b2a10d20
b6f4858e-6f3c-46e4-88ab-5776c6a611d7,fe4bd112-9575-423b-a946-687fd8167552,2025-11-07T05:00:00+00:00,5.0,2.48,lost,-5.0,024b92be-1e99-49d4-a0f1-68d28114403f,1.2,lost,1eaf8fcf-3438-42c4-aaac-1ec2c37aa773,683726ea-1bf9-4f1d-bca1-f73903641955,16f6a43a-2aec-4b31-8277-4859cb4245b4,167caeea-71f4-4f68-924a-10740e616ab3,e4f908c2-91d1-4222-a4fc-efd8534c5118,a07f12cd-f390-4814-9d64-851d2a92864a
48740487-9ce1-40e4-a93b-0f0407ad971a,fe4bd112-9575-423b-a946-687fd8167552,2025-11-08T05:00:00+00:00,5.0,2.35,won,6.68,d2a096dc-9644-47a3-a4e8-b5fe6caea31e,1.56,won,55bfd2f9-c987-400a-8141-bfe884d64c06,abfc0aae-3937-4416-87d1-77af8b875008,64cd63c7-b3eb-49f2-a822-c31a0385ce28,167caeea-71f4-4f68-924a-10740e616ab3,898dad2c-07c8-418a-8426-93b5792d014d,b5043c5c-e63c-47d6-b848-0a0bbbddebb0
48740487-9ce1-40e4-a93b-0f0407ad971a,fe4bd112-9575-423b-a946-687fd8167552,2025-11-08T05:00:00+00:00,5.0,2.35,won,6.68,d4548b80-01b0-4cac-8233-d0db9be0302b,1.25,won,55bfd2f9-c987-400a-8141-bfe884d64c06,a39ad4b7-1953-4a3f-8831-0a36e6cce566,5b075bbb-e3c9-4aef-97e6-4a41aa8d3484,167caeea-71f4-4f68-924a-10740e616ab3,bfd2457e-c2e5-4a22-a295-b436bb4bf389,c0f59134-34de-46bf-a355-b7db11a6d7e2
48740487-9ce1-40e4-a93b-0f0407ad971a,fe4bd112-9575-423b-a946-687fd8167552,2025-11-08T05:00:00+00:00,5.0,2.35,won,6.68,afcae878-a4c9-4f16-8943-015840cf06a0,1.33,won,55bfd2f9-c987-400a-8141-bfe884d64c06,683726ea-1bf9-4f1d-bca1-f73903641955,16f6a43a-2aec-4b31-8277-4859cb4245b4,167caeea-71f4-4f68-924a-10740e616ab3,bfd2457e-c2e5-4a22-a295-b436bb4bf389,c0f59134-34de-46bf-a355-b7db11a6d7e2
36ce4cf7-9ae8-4685-ada3-41b3dde66735,fe4bd112-9575-423b-a946-687fd8167552,2025-11-08T05:00:00+00:00,4.48,2.02,lost,-4.48,8cebfd03-d393-4674-a06d-0d4e514d7bca,1.18,won,ed9417c7-6d98-45f0-a76a-f331975b6e8d,efded866-8e93-482e-b0fd-da532ae8b39f,5b075bbb-e3c9-4aef-97e6-4a41aa8d3484,e89c9215-9e8c-4628-b057-3383e2543638,23cf9ddb-e45f-4a9c-a0e6-6cd99d9bb1da,1230fff8-4a51-4e90-941b-fc0821aaa343
36ce4cf7-9ae8-4685-ada3-41b3dde66735,fe4bd112-9575-423b-a946-687fd8167552,2025-11-08T05:00:00+00:00,4.48,2.02,lost,-4.48,57177e21-2025-4e12-b7fd-6a56367412e8,1.5,won,d656e942-805f-4e3d-9df7-646fc14daa92,683726ea-1bf9-4f1d-bca1-f73903641955,16f6a43a-2aec-4b31-8277-4859cb4245b4,e89c9215-9e8c-4628-b057-3383e2543638,22ccad77-677d-4f32-9287-49fa1d063afc,95fb34eb-1392-4e8c-bdd6-d397e1623c06
36ce4cf7-9ae8-4685-ada3-41b3dde66735,fe4bd112-9575-423b-a946-687fd8167552,2025-11-08T05:00:00+00:00,4.48,2.02,lost,-4.48,63053c12-f551-428b-a982-071bd20ab104,1.13,lost,1d0da644-7d96-41e1-abf3-4db73d28611b,e5e33d9c-254a-45c9-b861-dfd4d94522e2,5b075bbb-e3c9-4aef-97e6-4a41aa8d3484,e89c9215-9e8c-4628-b057-3383e2543638,a734c28d-4f46-4b6a-b3a5-776be052adfa,537e0836-6ae4-422d-9600-fe285493efed
609cbff7-417b-4e73-8ae1-77caf338ecfb,fe4bd112-9575-423b-a946-687fd8167552,2025-11-09T05:00:00+00:00,4.1,2.45,lost,-4.1,1fdb6ee5-b342-4635-972b-2d9877d64244,1.47,lost,ed9417c7-6d98-45f0-a76a-f331975b6e8d,4207a34e-fd76-4288-a95c-353b99f511b4,5b075bbb-e3c9-4aef-97e6-4a41aa8d3484,167caeea-71f4-4f68-924a-10740e616ab3,8c740f9c-54de-4b89-bc98-4ad5dc7e1509,19ebb2d8-3132-4168-aa02-8ee5bd6d824e
609cbff7-417b-4e73-8ae1-77caf338ecfb,fe4bd112-9575-423b-a946-687fd8167552,2025-11-09T05:00:00+00:00,4.1,2.45,lost,-4.1,fcdefc55-3512-4a1f-b732-23f089dc8323,1.67,won,ed9417c7-6d98-45f0-a76a-f331975b6e8d,a684216a-ec4e-4bdf-8727-cef98310b619,5b075bbb-e3c9-4aef-97e6-4a41aa8d3484,167caeea-71f4-4f68-924a-10740e616ab3,8614c7ac-4288-43b9-a645-7dab155263fd,2aa4ef10-af12-437b-a285-329b62dcb2ba
80dfde51-6012-4075-90d4-827ffa114881,fe4bd112-9575-423b-a946-687fd8167552,2025-11-10T05:00:00+00:00,5.0,2.7,won,8.42,962be214-a554-4814-90b7-20b945d727b7,1.67,won,61039701-db9f-48ed-bb04-8b72288462aa,abfc0aae-3937-4416-87d1-77af8b875008,64cd63c7-b3eb-49f2-a822-c31a0385ce28,167caeea-71f4-4f68-924a-10740e616ab3,070d76bd-fc9f-4e56-a1f5-390a6069ce63,ccabf254-0ad0-4651-a230-81474247b690
80dfde51-6012-4075-90d4-827ffa114881,fe4bd112-9575-423b-a946-687fd8167552,2025-11-10T05:00:00+00:00,5.0,2.7,won,8.42,77a404d7-02d4-465b-91ef-acafafad15de,1.47,won,61039701-db9f-48ed-bb04-8b72288462aa,5097d7db-5186-4194-8b25-e3d0b23c1757,c77d94a1-a456-45e3-953d-e8300a5ec514,167caeea-71f4-4f68-924a-10740e616ab3,070d76bd-fc9f-4e56-a1f5-390a6069ce63,ccabf254-0ad0-4651-a230-81474247b690
958b82d1-d653-457a-8172-733061308657,fe4bd112-9575-423b-a946-687fd8167552,2025-11-11T05:00:00+00:00,6.0,2.2,won,7.13,cde3ad6f-acac-4fc7-ae9b-dc006fbb64b1,1.67,won,fb11d9f9-e1c5-4efc-91a3-4c5b6a35b827,683726ea-1bf9-4f1d-bca1-f73903641955,16f6a43a-2aec-4b31-8277-4859cb4245b4,167caeea-71f4-4f68-924a-10740e616ab3,dd6a8a0a-74e2-460d-890b-6019c0b98527,b7566941-dbee-4d2b-90c2-533beb77cf7a
958b82d1-d653-457a-8172-733061308657,fe4bd112-9575-423b-a946-687fd8167552,2025-11-11T05:00:00+00:00,6.0,2.2,won,7.13,99f85d0a-c024-4a34-963a-5822d81b29be,1.59,won,fb11d9f9-e1c5-4efc-91a3-4c5b6a35b827,e8f11881-a093-4c2e-a7c1-29ac81bd6132,16f6a43a-2aec-4b31-8277-4859cb4245b4,167caeea-71f4-4f68-924a-10740e616ab3,b0fa5957-93a1-4484-8016-112bf188a508,908b0531-fea6-4b2f-abc0-8db3dc90b09f
958b82d1-d653-457a-8172-733061308657,fe4bd112-9575-423b-a946-687fd8167552,2025-11-11T05:00:00+00:00,6.0,2.2,won,7.13,58454871-6ad9-43f2-a556-dffd30e4f6e3,1.5,won,fb11d9f9-e1c5-4efc-91a3-4c5b6a35b827,683726ea-1bf9-4f1d-bca1-f73903641955,16f6a43a-2aec-4b31-8277-4859cb4245b4,167caeea-71f4-4f68-924a-10740e616ab3,a1215c1f-fefd-41e8-8a94-5b00ae8eb493,34ee63fe-8d40-4371-a44e-8cd70bcada35
5e48f52e-bb20-4db2-9dd7-aa8de9699b84,fe4bd112-9575-423b-a946-687fd8167552,2025-11-12T05:00:00+00:00,7.0,2.12,won,7.76,812c7dd6-1833-4fdc-ab36-3143794ec4db,1.29,won,56e280cf-e020-4b4a-992e-3b441c043e5e,683726ea-1bf9-4f1d-bca1-f73903641955,16f6a43a-2aec-4b31-8277-4859cb4245b4,167caeea-71f4-4f68-924a-10740e616ab3,d12fbb61-10c3-431e-a692-e0833d7a4b7b,9728906a-221b-4739-b4f4-024429e80443
5e48f52e-bb20-4db2-9dd7-aa8de9699b84,fe4bd112-9575-423b-a946-687fd8167552,2025-11-12T05:00:00+00:00,7.0,2.12,won,7.76,39159454-b2bc-4fdd-a610-dcedbe811d9a,1.65,won,b71a3bb5-ab7e-4657-aabd-dd3f28b1d8de,abfc0aae-3937-4416-87d1-77af8b875008,64cd63c7-b3eb-49f2-a822-c31a0385ce28,167caeea-71f4-4f68-924a-10740e616ab3,e8dcbd21-8fcf-40bd-99a5-ee08a7980fd7,5fc155d4-0df9-4066-b657-6cf8ad463093
a5c4ef5c-10be-47ab-8c69-cb4937b83cf5,fe4bd112-9575-423b-a946-687fd8167552,2025-11-13T05:00:00+00:00,9.0,2.29,won,11.49,48031bbd-133d-4cd3-85af-b6efb5d814f4,1.29,won,d42e8292-3e6b-4275-a4ed-c3d1a6228d55,683726ea-1bf9-4f1d-bca1-f73903641955,16f6a43a-2aec-4b31-8277-4859cb4245b4,167caeea-71f4-4f68-924a-10740e616ab3,988c3f2b-51b5-4713-828f-b4858ba6742e,36389040-e231-404a-a122-232abd87bcf8
a5c4ef5c-10be-47ab-8c69-cb4937b83cf5,fe4bd112-9575-423b-a946-687fd8167552,2025-11-13T05:00:00+00:00,9.0,2.29,won,11.49,386111df-78d3-4588-b771-ea5a0c128b32,1.25,won,d42e8292-3e6b-4275-a4ed-c3d1a6228d55,2da17771-2805-49d9-8a04-e549f9946bd8,5b075bbb-e3c9-4aef-97e6-4a41aa8d3484,167caeea-71f4-4f68-924a-10740e616ab3,cab1111e-23d6-4759-8d19-44dae177187a,0f87724e-ae5f-42f2-b7f2-3003f14f944a
a5c4ef5c-10be-47ab-8c69-cb4937b83cf5,fe4bd112-9575-423b-a946-687fd8167552,2025-11-13T05:00:00+00:00,9.0,2.29,won,11.49,6f314e1a-0ead-44ca-a679-7ada5f5424b5,1.42,won,d42e8292-3e6b-4275-a4ed-c3d1a6228d55,e0019ad4-f09a-4922-9a33-8be701538e09,c6a06270-7883-4cca-a2fb-88ecd95b8e93,167caeea-71f4-4f68-924a-10740e616ab3,a213c36b-06f4-4ebf-a46e-a8f09962efcc,ce0523d0-89e9-4514-81b3-547d9d2aeb6e
2cb41ef5-8c75-40a9-9507-62971c3ec6ee,fe4bd112-9575-423b-a946-687fd8167552,2025-11-14T05:00:00+00:00,11.0,2.13,lost,-11.0,af8407fa-9631-416f-bce6-fc8d4679a0a6,1.42,lost,d42e8292-3e6b-4275-a4ed-c3d1a6228d55,d019d397-23bf-4e6a-a3b0-32aa49668b67,5b075bbb-e3c9-4aef-97e6-4a41aa8d3484,167caeea-71f4-4f68-924a-10740e616ab3,861b65b3-db48-4006-9f97-b31c7d1e734d,522c75ac-ecdd-4520-a4b5-b31059e94d27
2cb41ef5-8c75-40a9-9507-62971c3ec6ee,fe4bd112-9575-423b-a946-687fd8167552,2025-11-14T05:00:00+00:00,11.0,2.13,lost,-11.0,11bd6926-6a8d-4408-9bb1-924d0e9847fe,1.42,won,d42e8292-3e6b-4275-a4ed-c3d1a6228d55,683726ea-1bf9-4f1d-bca1-f73903641955,16f6a43a-2aec-4b31-8277-4859cb4245b4,167caeea-71f4-4f68-924a-10740e616ab3,abafa280-b185-4ede-a698-6861624f1036,8fe50bd9-0d94-4896-9f5d-5b7d83bd9749
2cb41ef5-8c75-40a9-9507-62971c3ec6ee,fe4bd112-9575-423b-a946-687fd8167552,2025-11-14T05:00:00+00:00,11.0,2.13,lost,-11.0,82670063-4228-4534-be9c-8e5c2a23a057,1.42,won,d42e8292-3e6b-4275-a4ed-c3d1a6228d55,683726ea-1bf9-4f1d-bca1-f73903641955,16f6a43a-2aec-4b31-8277-4859cb4245b4,167caeea-71f4-4f68-924a-10740e616ab3,0b85a9a6-dd80-4483-950c-e8c68453eed6,031efdd1-5177-4704-b1bc-f7c4cb447923
2cb41ef5-8c75-40a9-9507-62971c3ec6ee,fe4bd112-9575-423b-a946-687fd8167552,2025-11-14T05:00:00+00:00,11.0,2.13,lost,-11.0,5b9e1b3b-f2fa-4948-b643-a7d7578b6544,1.42,won,d42e8292-3e6b-4275-a4ed-c3d1a6228d55,683726ea-1bf9-4f1d-bca1-f73903641955,16f6a43a-2aec-4b31-8277-4859cb4245b4,167caeea-71f4-4f68-924a-10740e616ab3,7dfbf25b-f614-460d-8b7b-a97a20f1f231,f8b58ba5-0ea3-41de-aa0c-7a21b63bf049
d5985101-5885-4377-ab3c-34db5d64fd93,fe4bd112-9575-423b-a946-687fd8167552,2025-11-15T05:00:00+00:00,10.0,2.19,lost,-10.0,98296436-86d4-44c1-b9a6-3c4c7ca8c796,1.42,won,d42e8292-3e6b-4275-a4ed-c3d1a6228d55,cf16d1e9-d4b9-42c2-ae6d-323aed4392f6,c77d94a1-a456-45e3-953d-e8300a5ec514,e89c9215-9e8c-4628-b057-3383e2543638,c347d814-7d20-4a5f-97d7-ede32fc89625,2ffb8e6f-fd36-4c79-968b-b2739bad7ee2
d5985101-5885-4377-ab3c-34db5d64fd93,fe4bd112-9575-423b-a946-687fd8167552,2025-11-15T05:00:00+00:00,10.0,2.19,lost,-10.0,81ff4f6b-6604-47c5-ba86-178af4d8c464,1.42,won,d42e8292-3e6b-4275-a4ed-c3d1a6228d55,6ab2de9a-b0c6-4ea1-8a22-565b818f7672,5b075bbb-e3c9-4aef-97e6-4a41aa8d3484,e89c9215-9e8c-4628-b057-3383e2543638,94cd4398-8519-4beb-a208-aecfb2ce3902,ecd81012-555a-4dc4-a6ff-b02160bbdf55
d5985101-5885-4377-ab3c-34db5d64fd93,fe4bd112-9575-423b-a946-687fd8167552,2025-11-15T05:00:00+00:00,10.0,2.19,lost,-10.0,b16f8797-fb39-4a14-af03-40fcefb7a488,1.42,lost,d42e8292-3e6b-4275-a4ed-c3d1a6228d55,d3f9eecf-4350-4c53-ad6f-26789e11e7b3,5b075bbb-e3c9-4aef-97e6-4a41aa8d3484,e89c9215-9e8c-4628-b057-3383e2543638,aed47454-acec-42dd-9daf-8399a275da43,b69e3ba0-c637-4e3e-ab0b-5534792d0194
d5985101-5885-4377-ab3c-34db5d64fd93,fe4bd112-9575-423b-a946-687fd8167552,2025-11-15T05:00:00+00:00,10.0,2.19,lost,-10.0,7c519dfe-e0f7-4533-ad3a-469ea1112279,1.42,won,d42e8292-3e6b-4275-a4ed-c3d1a6228d55,3f5c40ad-46ed-4edc-980b-6298db5a10bb,5b075bbb-e3c9-4aef-97e6-4a41aa8d3484,e89c9215-9e8c-4628-b057-3383e2543638,623257a4-4a77-46da-89b7-2a8faec852ca,ad1e83ed-46c8-462f-8854-da2ec3c77763
d727258f-b26c-4e97-ae65-87bf0236b55d,fe4bd112-9575-423b-a946-687fd8167552,2025-11-16T05:00:00+00:00,9.0,2.48,won,13.19,ecffc208-0620-4b9d-9834-92bcca2a2e77,1.33,won,d42e8292-3e6b-4275-a4ed-c3d1a6228d55,683726ea-1bf9-4f1d-bca1-f73903641955,16f6a43a-2aec-4b31-8277-4859cb4245b4,167caeea-71f4-4f68-924a-10740e616ab3,53dc0b50-0505-41f8-b37f-55d5604446e9,cfd09e55-c1ce-453a-949a-d1d8639c46b0
d727258f-b26c-4e97-ae65-87bf0236b55d,fe4bd112-9575-423b-a946-687fd8167552,2025-11-16T05:00:00+00:00,9.0,2.48,won,13.19,0dca28f0-69cb-4b54-8d40-80b015e9cd16,1.33,won,d42e8292-3e6b-4275-a4ed-c3d1a6228d55,09e31995-3a60-44ad-b81c-cfb2325f7668,d5fda5e8-b3e1-4941-bb8d-ab64d5ae7ffa,167caeea-71f4-4f68-924a-10740e616ab3,b6c495d6-0447-4f9e-8bff-7837dfee17f2,0890322a-2167-458a-aa4d-ae23e7173cd8
d727258f-b26c-4e97-ae65-87bf0236b55d,fe4bd112-9575-423b-a946-687fd8167552,2025-11-16T05:00:00+00:00,9.0,2.48,won,13.19,bf84c98a-e7e5-4519-952d-9558486a7071,1.4,won,d42e8292-3e6b-4275-a4ed-c3d1a6228d55,e0019ad4-f09a-4922-9a33-8be701538e09,c6a06270-7883-4cca-a2fb-88ecd95b8e93,167caeea-71f4-4f68-924a-10740e616ab3,ce0523d0-89e9-4514-81b3-547d9d2aeb6e,792dbb2d-85ec-4464-b39c-a1b33edea3ba
acfbbe4b-d149-4c53-994e-15207096c3e6,fe4bd112-9575-423b-a946-687fd8167552,2025-11-17T22:52:30.712+00:00,10.0,2.5725,won,15.72,5be22550-d50c-439e-8c1c-183f620ebfa5,1.47,won,4bea13b1-cfb5-415b-9576-a963b9b7c45a,683726ea-1bf9-4f1d-bca1-f73903641955,16f6a43a-2aec-4b31-8277-4859cb4245b4,167caeea-71f4-4f68-924a-10740e616ab3,02b1edac-e21b-4244-8e94-8fff6f526b4b,5f3a1d27-6b67-4a62-bf57-d38592a6db62
acfbbe4b-d149-4c53-994e-15207096c3e6,fe4bd112-9575-423b-a946-687fd8167552,2025-11-17T22:52:30.712+00:00,10.0,2.5725,won,15.72,53eb46cf-0822-43a5-92f9-bd5d3a540bb6,1.25,won,d42e8292-3e6b-4275-a4ed-c3d1a6228d55,3cefab0f-8b1f-462c-a16e-79d48865be60,5b075bbb-e3c9-4aef-97e6-4a41aa8d3484,167caeea-71f4-4f68-924a-10740e616ab3,522c75ac-ecdd-4520-a4b5-b31059e94d27,0b85a9a6-dd80-4483-950c-e8c68453eed6
acfbbe4b-d149-4c53-994e-15207096c3e6,fe4bd112-9575-423b-a946-687fd8167552,2025-11-17T22:52:30.712+00:00,10.0,2.5725,won,15.72,270c72de-de23-4d13-9fb0-2d15780706d5,1.4,won,d42e8292-3e6b-4275-a4ed-c3d1a6228d55,05a94c24-c93f-4a8e-9a04-a7e30bede734,5b075bbb-e3c9-4aef-97e6-4a41aa8d3484,167caeea-71f4-4f68-924a-10740e616ab3,8fe50bd9-0d94-4896-9f5d-5b7d83bd9749,242075bb-32d0-44b9-a5b8-b057e1194e40
84f5a167-0fda-40e6-a09c-960d45db7a25,fe4bd112-9575-423b-a946-687fd8167552,2025-11-19T00:00:00+00:00,12.0,2.01902,lost,-12.0,88deeb4e-7ca2-428d-9061-c85b6a2de0e8,1.286,won,d42e8292-3e6b-4275-a4ed-c3d1a6228d55,683726ea-1bf9-4f1d-bca1-f73903641955,16f6a43a-2aec-4b31-8277-4859cb4245b4,167caeea-71f4-4f68-924a-10740e616ab3,92a8903c-27d7-4ee6-b540-e901aaf13161,c347d814-7d20-4a5f-97d7-ede32fc89625
84f5a167-0fda-40e6-a09c-960d45db7a25,fe4bd112-9575-423b-a946-687fd8167552,2025-11-19T00:00:00+00:00,12.0,2.01902,lost,-12.0,06e89886-da84-4c5f-a6a6-76a68685b20c,1.57,lost,d42e8292-3e6b-4275-a4ed-c3d1a6228d55,e8f11881-a093-4c2e-a7c1-29ac81bd6132,16f6a43a-2aec-4b31-8277-4859cb4245b4,167caeea-71f4-4f68-924a-10740e616ab3,459bb23b-207f-41d1-b3df-739e56fd1451,3c56df8e-3bea-4f57-a391-4d44f68477d6
0398d65f-ca58-48dd-94a7-cd78fd45c113,fe4bd112-9575-423b-a946-687fd8167552,2025-11-19T17:58:36.171+00:00,4.12,2.184092,lost,-4.12,75bcb1b3-2eb4-4ab0-8ad6-f4053cdf014a,1.45,lost,e4ef25f2-696f-4993-9180-da579d32b1c3,40e9c83f-3b1b-438e-8daa-36ff72804c15,5b075bbb-e3c9-4aef-97e6-4a41aa8d3484,e89c9215-9e8c-4628-b057-3383e2543638,fcf0a719-7688-47c8-8f7e-b760b21a04f3,8484f60d-bfd3-4ee5-8e8c-046995c98042
0398d65f-ca58-48dd-94a7-cd78fd45c113,fe4bd112-9575-423b-a946-687fd8167552,2025-11-19T17:58:36.171+00:00,4.12,2.184092,lost,-4.12,6d07d4a9-b09a-474b-98ba-9888bc4d7da1,1.18,lost,2301c53a-8ecd-4a39-bd04-0386c85fc5b2,ca2ed1de-0667-4492-9ea8-d71b69d91386,c77d94a1-a456-45e3-953d-e8300a5ec514,e89c9215-9e8c-4628-b057-3383e2543638,4e7b09a6-5bce-4161-bcd8-7c25a7c411b2,1fe2313d-cff3-4b52-a356-662e9be5b58a
0398d65f-ca58-48dd-94a7-cd78fd45c113,fe4bd112-9575-423b-a946-687fd8167552,2025-11-19T17:58:36.171+00:00,4.12,2.184092,lost,-4.12,f86ac51c-f291-470c-987e-c532474fc3b9,1.11,won,b8f6ac50-a984-4853-a3a7-5a74b6c3ddad,830dbdca-b02d-427e-ac1a-e8ab26108f83,c77d94a1-a456-45e3-953d-e8300a5ec514,e89c9215-9e8c-4628-b057-3383e2543638,9b91dd64-a53f-4a3e-b34e-c4d9c0f50b1d,359d04b1-6498-45b8-ac7c-3cb5ff8e962f
0398d65f-ca58-48dd-94a7-cd78fd45c113,fe4bd112-9575-423b-a946-687fd8167552,2025-11-19T17:58:36.171+00:00,4.12,2.184092,lost,-4.12,1950f68e-a4db-4f9e-bd8e-a45da103763b,1.15,won,acf050d3-bd14-4c1e-8912-920926fd2854,683726ea-1bf9-4f1d-bca1-f73903641955,16f6a43a-2aec-4b31-8277-4859cb4245b4,e89c9215-9e8c-4628-b057-3383e2543638,777cebf0-12c4-429f-b964-fc330e6af22d,4e741f06-4340-4a16-860b-3aa947cfdbd2
